"","ID","ocean.region","brood_year","release_year","Median.month.release","N.released","n_month","m.median","m.mean","m.sd","X2.5.","X5.","X10.","X25.","X50.","X75.","X90.","X95.","X97.5."
"1","Coleman","SFB",1980,1981,3,651733,12,2.49735924158559,2.49735924158559,0.370182938981134,1.81806714126602,1.95951519553141,2.05192601082308,2.28803704178807,2.49735924158559,2.71849792509313,3.01123997676818,3.17843072861962,3.29140773245126
"2","Coleman","SFB",1981,1982,2.5,780262,12.5,2.25898502173033,2.25898502173033,0.325608876886256,1.67843234291855,1.76177398619362,1.85621027841956,2.06518357991604,2.25898502173033,2.48889528920312,2.70339385133597,2.83490095077855,2.93743979178384
"3","Coleman","SFB",1982,1983,6,269816,9,2.72214323852858,2.72214323852858,0.380876874653991,2.07343812179083,2.13515155400528,2.23271067089633,2.45179722249841,2.72214323852858,2.97777745641817,3.25081743299994,3.37414221013188,3.4597740620376
"4","Coleman","SFB",1983,1984,4,669629,11,2.39566789360983,2.39566789360983,0.331693107358018,1.81391294452252,1.86593935535086,1.99081725782221,2.18391572683757,2.39566789360983,2.61045925617036,2.8558632627915,2.95313433287275,3.12784247847201
"5","Coleman","SFB",1984,1985,2.5,405584,12.5,2.64529428032839,2.64529428032839,0.398765240503899,1.94381613021848,2.02925713879017,2.161979604273,2.42652128653263,2.64529428032839,2.92112533747121,3.17390783209355,3.37799642322498,3.59492150580124
"6","Coleman","SFB",1985,1986,2.5,261601,12.5,2.69039697298533,2.69039697298533,0.437692535788101,1.94228291869296,2.05467673584248,2.19381955372889,2.41130663721708,2.69039697298533,2.98245968121431,3.27214027404704,3.51454091236177,3.65757795094906
"7","Coleman","SFB",1986,1987,4,307569,11,2.52912503890868,2.52912503890868,0.398456665634839,1.84778879397043,1.93799245565604,2.06227069715029,2.27924874208203,2.52912503890868,2.81744057184508,3.0570997200181,3.25514775075474,3.37772812007044
"8","Coleman","SFB",1987,1988,3.5,305720,11.5,2.52903398753289,2.52903398753289,0.352808149967916,1.92470136265403,1.95941347770182,2.05874351758552,2.27641926366035,2.52903398753289,2.75135233810104,2.96292806114678,3.11644952250111,3.23857564030203
"9","Coleman","SFB",1988,1989,5,193972,10,2.45412900072975,2.45412900072975,0.418331113588963,1.77168381644597,1.82249561118427,1.96826625279089,2.19776461451887,2.45412900072975,2.75811709629243,3.08934733270955,3.22790134671854,3.34919304011937
"10","Coleman","SFB",1989,1990,5,207125,10,2.62684206491798,2.62684206491798,0.390371754586024,1.89490079555384,2.0073276720221,2.19800177300621,2.39032864927891,2.62684206491798,2.85476531855024,3.16898542431761,3.30055156845318,3.4987444784575
"11","Coleman","SFB",1990,1991,4,324015,11,2.30539253839526,2.30539253839526,0.386740776177576,1.60671475096373,1.71280832281693,1.85739452622483,2.04866041735267,2.30539253839526,2.5934771152825,2.81632630890797,2.98965794929222,3.12734691480566
"12","Coleman","SFB",1991,1992,3,461927,12,2.57823450916699,2.57823450916699,0.372725895865442,1.91833570073004,2.04169000914379,2.17155801767141,2.35905459466868,2.57823450916699,2.81939653690617,3.07334134650564,3.22652900717496,3.41377968537899
"13","Coleman","SFB",1992,1993,3.5,345463,11.5,2.19845372380318,2.19845372380318,0.333935022773029,1.60063523692056,1.69202991887353,1.78635737785414,1.99799878360513,2.19845372380318,2.40472562607781,2.61909664818604,2.79520812910543,2.9499269571959
"14","Coleman","SFB",1993,1994,3.5,263087,11.5,2.37942071048323,2.37942071048323,0.339568572641402,1.74559222464776,1.83388460757513,1.98313963294295,2.18506862567739,2.37942071048323,2.64636997627976,2.84218983622723,2.97030507660342,3.13769564828284
"15","Coleman","SFB",1994,1995,3.5,245609,11.5,2.24337770237864,2.24337770237864,0.342025592806919,1.70590813491205,1.7638750850915,1.85919982604939,2.03997705763669,2.24337770237864,2.50612376655395,2.74531843682305,2.88659355751517,2.98927596344155
"16","Coleman","SFB",1995,1996,3.5,872787,11.5,2.420471490966,2.420471490966,0.346317987109754,1.79178106537273,1.8803081407889,1.98923061663716,2.20114919059124,2.420471490966,2.65369623422196,2.89789536861139,3.00537433821217,3.12764744128574
"17","Coleman","SFB",1996,1997,4.5,868462,10.5,2.45500431370057,2.45500431370057,0.363563640375,1.76312304438042,1.86777736437827,1.98835346794885,2.18843152954199,2.45500431370057,2.70819269037634,2.92641201521415,3.05263914736978,3.18785583910356
"18","Coleman","SFB",1997,1998,3.5,915487,11.5,2.61670063815241,2.61670063815241,0.364295634452547,1.91080344665552,2.02090992015898,2.14994646576847,2.36259279429249,2.61670063815241,2.873276478246,3.10896236888525,3.20844468137719,3.32631795450507
"19","Coleman","SFB",1998,1999,2.5,943227,12.5,2.68644236830565,2.68644236830565,0.431179233043235,1.94008005959069,2.05513322774989,2.18681052616727,2.41771494680511,2.68644236830565,3.01090994545838,3.24138840165685,3.38703208350854,3.61843029690336
"20","Coleman","SFB",1999,2000,2.5,1164817,12.5,2.53354105912956,2.53354105912956,0.36669269406974,1.83006240916945,1.95668553662176,2.09107929683171,2.28848923139785,2.53354105912956,2.78009072825254,2.97944630541113,3.12109954412914,3.32432531810605
"21","Coleman","SFB",2000,2001,3,1947231,12,2.65133581722488,2.65133581722488,0.400468445546134,1.96763917835126,2.01761033617596,2.17016706999806,2.38522408747307,2.65133581722488,2.90436181171068,3.20044779319407,3.3612494071922,3.4743001837025
"22","Coleman","SFB",2001,2002,3,2161402,12,2.71584713949849,2.71584713949849,0.382413313053084,2.04147754391106,2.12359651937019,2.25254245904665,2.47941781208251,2.71584713949849,2.98215412179069,3.22395802143014,3.3866071939989,3.49035578803302
"23","Coleman","SFB",2002,2003,2.5,197067,12.5,2.34924819232766,2.34924819232766,0.366635051516762,1.72441198458652,1.80266077375267,1.89479926057652,2.07330401689328,2.34924819232766,2.61716657891376,2.8209799444756,2.98597814459095,3.11017776217471
"24","Coleman","SFB",2003,2004,3,338670,12,2.49773025313196,2.49773025313196,0.349347193755228,1.87680636448296,1.93790402372714,2.04956154805513,2.22593761572691,2.49773025313196,2.75203572405216,2.94720834145823,3.0698219832151,3.19532368977791
"25","Coleman","SFB",2004,2005,2.5,144483,12.5,2.50095185855996,2.50095185855996,0.365407166677032,1.86166062593931,1.92273932064884,2.03180006823221,2.25485479890617,2.50095185855996,2.74304662379324,3.00513250364434,3.15124672561481,3.23209094347309
"26","Coleman","SFB",2006,2007,3.5,3228969,11.5,3.86333350480883,3.86333350480883,0.603773109024493,2.76214011203414,2.90929863024034,3.12442707692124,3.46774736606231,3.86333350480883,4.25851577295506,4.67261980611893,4.94761412107798,5.21613299499047
"27","Feather","SFB",1976,1977,12,71539,3,2.07298945152527,2.07298945152527,0.307941606210525,1.51872512601908,1.62411056594227,1.70246124569605,1.86634267776341,2.07298945152527,2.28994543318828,2.49935849656835,2.6223082166331,2.72226075640824
"28","Feather","SFB",1977,1978,7,603017,8,2.13576713841861,2.13576713841861,0.317348899248465,1.53910574199265,1.64816220972214,1.76281414656696,1.94614729067559,2.13576713841861,2.36346670924959,2.58238755178044,2.69257640129767,2.78096789321835
"29","Feather","SFB",1978,1979,7,528317,8,2.5591783867771,2.5591783867771,0.390239345568641,1.82648961085665,1.91586308557366,2.07901457435776,2.32247797630829,2.5591783867771,2.79369384041572,3.06587945234034,3.24590105502364,3.38727700797999
"30","Feather","SFB",1979,1980,7,605923,8,2.25922707961036,2.25922707961036,0.317177191049152,1.71060733393858,1.79849665208133,1.88750783831139,2.04685015426449,2.25922707961036,2.47769496665902,2.6741487617067,2.82197098167559,3.00529205028062
"31","Feather","SFB",1980,1981,7,567514,8,2.22054944901986,2.22054944901986,0.315362420256506,1.65592040830349,1.76074593365631,1.84594788322614,2.0183121849882,2.22054944901986,2.43869630244944,2.6522825982888,2.76514872985163,2.87924542313894
"32","Feather","SFB",1981,1982,6.5,386301,8.5,2.37762038943214,2.37762038943214,0.350335463346296,1.69050402799036,1.83638548914605,1.93796123376188,2.14635278880204,2.37762038943214,2.61614690006677,2.83822943285979,2.95130617125437,3.14477618312988
"33","Feather","SFB",1982,1983,6,1056133,9,2.7712051253918,2.7712051253918,0.385555479154831,2.06568544154351,2.20645282980887,2.33306950130185,2.49710841483709,2.7712051253918,3.02436412311735,3.26533846428899,3.46418298521469,3.62517202489233
"34","Feather","SFB",1983,1984,6,40185,9,2.08195592435095,2.08195592435095,0.294909394166022,1.53263153767299,1.63567807019582,1.70712160103021,1.86513592406851,2.08195592435095,2.28832148145597,2.4717978329031,2.59226029787943,2.70796175733224
"35","Feather","SFB",1984,1985,6,753188,9,2.46514051350261,2.46514051350261,0.354222195205336,1.81135610177469,1.89705441446641,2.00866997655393,2.21933123348528,2.46514051350261,2.68550499920389,2.94726373504483,3.07587740311675,3.16261115117525
"36","Feather","SFB",1985,1986,6.5,789471,8.5,2.48587304496782,2.48587304496782,0.368976861695655,1.83813166419187,1.91979139236005,2.04228262647351,2.25358325888967,2.48587304496782,2.74211584759989,3.00738707780276,3.12764323419617,3.23443445869352
"37","Feather","SFB",1986,1987,5,442071,10,2.25483859008246,2.25483859008246,0.369724910158116,1.59208882180464,1.71449379107965,1.81551745595402,2.03043686694485,2.25483859008246,2.49166319958127,2.73718280560443,2.91894220438853,3.03817650348555
"38","Feather","SFB",1987,1988,5.5,1037722,9.5,2.39692086276789,2.39692086276789,0.372498833160161,1.751855309402,1.8445054845113,1.9508017433457,2.15997310263381,2.39692086276789,2.66520078793545,2.89759065882891,3.04316215983624,3.11717054063294
"39","Feather","SFB",1988,1989,5.5,1009915,9.5,2.6604839830886,2.6604839830886,0.406122629334136,1.94496561552403,2.02339883343426,2.12614841055081,2.38628021814511,2.6604839830886,2.95028811392396,3.19384887838641,3.33357119228731,3.51380025615894
"40","Feather","SFB",1989,1990,4.5,774681,10.5,2.76202794017956,2.76202794017956,0.414068830225722,2.00896303249254,2.12396439980425,2.26854543610685,2.49445522900701,2.76202794017956,3.04577774467069,3.35574891860519,3.51312365073044,3.61855239769612
"41","Feather","SFB",1990,1991,4.5,799260,10.5,2.34048794245657,2.34048794245657,0.351117231488019,1.7049137187741,1.79413244887756,1.90722162855948,2.11713998671901,2.34048794245657,2.55595929104066,2.81244814012928,2.94259485826942,3.03616779970669
"42","Feather","SFB",1991,1992,4.5,986627,10.5,2.64890602251612,2.64890602251612,0.391376006402513,1.95757708139214,2.06926064935249,2.19003421272434,2.39571095049375,2.64890602251612,2.94010074345148,3.19452014352235,3.37733075980789,3.50050284564709
"43","Feather","SFB",1993,1994,5,1689950,10,2.47131919358973,2.47131919358973,0.349807363765464,1.84761373242608,1.93091550582789,2.04387994307523,2.23488726001927,2.47131919358973,2.69186339397069,2.91369580033725,3.08542737818072,3.23558556562898
"44","Feather","SFB",1994,1995,4.5,1852924,10.5,2.54726637561524,2.54726637561524,0.363901168363803,1.90862694848802,1.99983017005589,2.11673689490894,2.32149122642707,2.54726637561524,2.78946432284814,3.04971752846243,3.22399044722862,3.33716405738488
"45","Feather","SFB",1995,1996,5.5,2335753,9.5,2.52680069541096,2.52680069541096,0.367921123351604,1.87566274731151,1.97948241485632,2.07302082109828,2.28546292271681,2.52680069541096,2.78447065691166,2.99724716937851,3.19176521814483,3.31757541030554
"46","Feather","SFB",1996,1997,5,963150,10,2.51989773453355,2.51989773453355,0.340845398125281,1.87821378568362,1.98610176196107,2.10017696507976,2.30320921252611,2.51989773453355,2.76489419382194,2.99721652246453,3.11507919837074,3.21858796830134
"47","Feather","SFB",1997,1998,2,63296,13,2.39835409703424,2.39835409703424,0.370689494151385,1.77253404951135,1.85614225424475,1.96414214264132,2.17636164840798,2.39835409703424,2.64194431830263,2.9379455694769,3.08467327326114,3.19110970821938
"48","Feather","SFB",1998,1999,3.5,1671951,11.5,2.43992478810556,2.43992478810556,0.334209799449758,1.86595769560621,1.92619599696792,2.01425314161079,2.20349445313856,2.43992478810556,2.66029544330905,2.87628491047186,3.00090994614944,3.14458793550714
"49","Feather","SFB",1999,2000,2.5,902640,12.5,2.74951779388407,2.74951779388407,0.433737672210596,2.01067406216366,2.12622829464261,2.24463718893514,2.48896182831924,2.74951779388407,3.08392372890915,3.38493847696409,3.54040379916248,3.66181686501248
"50","Feather","SFB",2000,2001,3,1127553,12,2.34394237951929,2.34394237951929,0.341588004943829,1.76602492831992,1.83383925659886,1.94174359488205,2.1075441941229,2.34394237951929,2.56591738205669,2.81020978781972,2.95973819023107,3.10973588781415
"51","Feather","SFB",2001,2002,3,1962528,12,2.63711942127425,2.63711942127425,0.376714230804548,1.96995372140284,2.05103529297836,2.17122179905849,2.39325619985552,2.63711942127425,2.87614064413892,3.13226060382886,3.29653033458991,3.3957460500447
"52","Feather","SFB",2002,2003,3.5,1715120,11.5,2.31886284271703,2.31886284271703,0.341443403530371,1.74555614910718,1.8114001628946,1.89853902503562,2.07914770772108,2.31886284271703,2.56914284104401,2.8238009418122,2.94237798170292,3.05318984050429
"53","Feather","SFB",2003,2004,3.5,1105408,11.5,2.53537061518717,2.53537061518717,0.390972501383906,1.82777788022419,1.95439585723601,2.05856204459263,2.27471534796404,2.53537061518717,2.83171353506025,3.06948951441096,3.21073403885139,3.33280852277805
"54","Feather","SFB",2004,2005,3.5,1730791,11.5,3.09829216490486,3.09829216490486,0.446845946322505,2.30753551449829,2.4463910834922,2.59820595377813,2.82227858892554,3.09829216490486,3.43067092393954,3.69845020993202,3.92109628735891,4.03606867886134
"55","Feather","SFB",2005,2006,3.5,1583513,11.5,3.08026785327197,3.08026785327197,0.424518554907315,2.37949536607565,2.47571918358582,2.61032664053886,2.83070944982013,3.08026785327197,3.39640641694283,3.68348445417829,3.84478861975212,4.01402066136161
"56","Feather","SFB",2006,2007,3.5,3093555,11.5,3.16432819944191,3.16432819944191,0.460308441071076,2.36769884228213,2.44344887297872,2.61127158066617,2.87823632627889,3.16432819944191,3.49362367291997,3.83459390588753,3.98277798075335,4.11663973103292
"57","Irongate","NCA",1979,1980,6,189420,9,2.50991778536018,2.50991778536018,0.409462187057782,1.78704656627921,1.89544929824588,2.02413698702235,2.25663397290711,2.50991778536018,2.80181145528157,3.10450687547228,3.28017861438422,3.37037477533681
"58","Irongate","NCA",1980,1981,5.5,255333,9.5,2.73306754876045,2.73306754876045,0.382204903628904,2.05779718374542,2.14952161974222,2.27890572777259,2.49435159864733,2.73306754876045,2.98777142640273,3.25826268996938,3.45872464988723,3.56508631632861
"59","Irongate","NCA",1981,1982,6,159092,9,2.76844774363192,2.76844774363192,0.435613273533935,2.01096995098637,2.14102813401558,2.25950026237129,2.48309991062584,2.76844774363192,3.07364028433757,3.35639816097981,3.57825213387674,3.68745766038608
"60","Irongate","NCA",1982,1983,6,288887,9,3.00803310970251,3.00803310970251,0.425879128166348,2.22011402630338,2.38710678948067,2.52638998730603,2.74851953368342,3.00803310970251,3.28631149015684,3.59604187274866,3.83767931614882,3.93781766641274
"61","Irongate","NCA",1983,1984,6,288918,9,2.90656736621846,2.90656736621846,0.451878230821289,2.12461584049299,2.20378205146474,2.3437059763175,2.56777665432492,2.90656736621846,3.2172788200247,3.49392252273464,3.71057220474229,3.88224076547409
"62","Irongate","NCA",1984,1985,6,281210,9,2.706741306035,2.706741306035,0.42406911385566,2.00825884318948,2.0762405976165,2.1806421407896,2.46153369977203,2.706741306035,3.00495722606408,3.30050792365565,3.48869264997267,3.66289262488595
"63","Irongate","NCA",1985,1986,6,147356,9,2.87766576076682,2.87766576076682,0.416350804635275,2.17367603395339,2.27465848432422,2.39794727305319,2.62132148035576,2.87766576076682,3.17765415382847,3.48152633551141,3.65160211899765,3.77916350650126
"64","Irongate","NCA",1987,1988,5,157380,10,3.17351576610492,3.17351576610492,0.501056370099209,2.32499919059173,2.44439077540496,2.59340675469353,2.85433629183459,3.17351576610492,3.52628158197796,3.84230427918416,4.06275252851708,4.24546710655162
"65","Irongate","NCA",1988,1989,5,290329,10,3.04204665790135,3.04204665790135,0.458205364206026,2.26146197765242,2.38441136053439,2.52917403238278,2.72736184694371,3.04204665790135,3.36583096383461,3.68478058159352,3.89625909130739,4.06457004521688
"66","Irongate","NCA",1990,1991,5,188595,10,2.66232549743771,2.66232549743771,0.403127583540351,1.94279682091983,2.10386736381655,2.18905982594583,2.42319523343365,2.66232549743771,2.96358807985564,3.2303698358889,3.35686152333785,3.58197676287261
"67","Irongate","NCA",1991,1992,6,191200,9,2.98183015072565,2.98183015072565,0.464608761202436,2.16914309326633,2.29922196008271,2.43766592807311,2.69318535781504,2.98183015072565,3.32659260432765,3.65184161594213,3.81402721385601,3.98218495517629
"68","Irongate","NCA",1992,1993,6,185464,9,2.6791873731441,2.6791873731441,0.420364748892284,1.95788127258341,2.07136973599725,2.18190922202218,2.39831826609378,2.6791873731441,2.92637904074105,3.2650093341317,3.45294797559297,3.5993213863314
"69","Irongate","NCA",1993,1994,6,188562,9,3.2290622279835,3.2290622279835,0.466667099319772,2.35501953887991,2.48636464823122,2.63432946672547,2.92416595066834,3.2290622279835,3.50077022843681,3.75131440821031,4.04330022169637,4.25297670359352
"70","Irongate","NCA",1994,1995,6,194644,9,3.00756594431501,3.00756594431501,0.439263494356305,2.20063744176436,2.35778730614544,2.47066419810257,2.72155961941201,3.00756594431501,3.31818252607369,3.56369740653041,3.80302964429094,3.89827527801372
"71","Irongate","NCA",1995,1996,6,191799,9,3.08173153259446,3.08173153259446,0.464432298410632,2.2945425654312,2.37995137440704,2.56247010561132,2.79445304964121,3.08173153259446,3.43163449045007,3.7219912399492,3.88679231750667,4.05834050607319
"72","Irongate","NCA",1996,1997,6,196648,9,3.09118817519608,3.09118817519608,0.495408598557596,2.27088665886831,2.358906018937,2.49106942087684,2.79703186735989,3.09118817519608,3.47664724967749,3.80780181316926,3.99806312924126,4.135319987428
"73","Irongate","NCA",1997,1998,6,193161,9,2.64574204726769,2.64574204726769,0.397715641742574,1.92177102745609,2.03429278633724,2.15203884661776,2.35199572440375,2.64574204726769,2.94474716164809,3.17717407459971,3.32889663312305,3.44759040092321
"74","Irongate","NCA",1998,1999,6,187603,9,2.79029826698569,2.79029826698569,0.394333821319287,2.06989968894601,2.20419274819578,2.32540796030495,2.52857165076802,2.79029826698569,3.03649958225292,3.32021567647422,3.50108378595535,3.62843712540466
"75","Irongate","NCA",1999,2000,6,182131,9,2.73415598305403,2.73415598305403,0.409655620138653,2.0176545814768,2.12641632720028,2.25264822189249,2.48344722640032,2.73415598305403,3.04261755292053,3.30047406314005,3.45373468126698,3.62743921296716
"76","Irongate","NCA",2000,2001,5,187417,10,2.80703635359872,2.80703635359872,0.463499366825039,1.99416169783414,2.13788715725222,2.2660301480334,2.52559015330509,2.80703635359872,3.12132288737524,3.42832728295349,3.63881458687412,3.78675237115966
"77","Irongate","NCA",2001,2002,5,198312,10,3.23286808576149,3.23286808576149,0.482361388607239,2.37228353618166,2.52377525925321,2.66155573209867,2.89363699096995,3.23286808576149,3.56988378088557,3.86386194733148,4.09878320605277,4.21396021027882
"78","Irongate","NCA",2002,2003,5.5,210113,9.5,2.74246673492091,2.74246673492091,0.408085867591448,2.07920546628728,2.14309499570407,2.26429119411097,2.48631045934623,2.74246673492091,3.03077487850283,3.32868708646741,3.46121582225812,3.63912960955662
"79","Irongate","NCA",2003,2004,5.5,261888,9.5,3.12643062817705,3.12643062817705,0.520133521728057,2.19024900262252,2.38313223664991,2.54017910298007,2.80833549580012,3.12643062817705,3.45403652481397,3.85449987597315,4.09230564972365,4.3825267538215
"80","Irongate","NCA",2004,2005,5.5,205950,9.5,2.58164246919497,2.58164246919497,0.40707305235909,1.85716213345592,1.96277671074525,2.08091650979442,2.30383025500998,2.58164246919497,2.87195565860201,3.10676601602961,3.29220053344715,3.37241609711796
"81","Irongate","NCA",2006,2007,5,313169,10,3.18437102729352,3.18437102729352,0.524746968022503,2.34773668675814,2.45934112016105,2.60370948724735,2.85688610089694,3.18437102729352,3.60913323028269,3.94751931889847,4.14918906763971,4.33164058717084
"82","Irongate_large","NCA",1978,1979,11,190680,4,2.55979848172604,2.55979848172604,0.412725366837612,1.88226597057771,1.97397985078321,2.0940946251089,2.30711281122866,2.55979848172604,2.85335584451426,3.11959743054939,3.30395090308946,3.42328257961552
"83","Irongate_large","NCA",1979,1980,11,182000,4,2.49624061625087,2.49624061625087,0.389358375665961,1.81286851672213,1.89838382587288,2.02529923145646,2.24627534495106,2.49624061625087,2.76597597852373,3.01021904744052,3.18807887539865,3.3248794097447
"84","Irongate_large","NCA",1980,1981,10,87450,5,2.41138227714357,2.41138227714357,0.369699195399514,1.79103047123092,1.8495066372595,1.96723186163243,2.16938998294696,2.41138227714357,2.68354155313584,2.92989123222265,3.06734910963576,3.19855612644493
"85","Irongate_large","NCA",1981,1982,11,121752,4,2.65486658640728,2.65486658640728,0.413899060154482,1.88243794393558,2.02126655869392,2.15180893861885,2.40573615305773,2.65486658640728,2.93791270673805,3.2029057612935,3.34813693635839,3.55118612589266
"86","Irongate_large","NCA",1982,1983,11,160175,4,2.48705413249852,2.48705413249852,0.394733415613071,1.8143261129007,1.88210097749863,2.03135341256997,2.22496143937364,2.48705413249852,2.76868230453407,3.04517318838056,3.18391434162321,3.31158826350941
"87","Irongate_large","NCA",1983,1984,11,189658,4,2.58987004821412,2.58987004821412,0.390777995670167,1.91724561413898,2.03729445707571,2.13157338097461,2.35495649177545,2.58987004821412,2.87985216236131,3.15996293959816,3.26961088226505,3.45455359217379
"88","Irongate_large","NCA",1984,1985,10.5,122775,4.5,2.46842188013749,2.46842188013749,0.336052499387966,1.86068256068136,1.9589341016411,2.02828748642887,2.2415859895674,2.46842188013749,2.70940015674767,2.90977293755833,3.00678415257578,3.15741249626494
"89","Irongate_large","NCA",1985,1986,11,119739,4,2.52090815673232,2.52090815673232,0.41184785606541,1.79167447517139,1.89294428597976,2.02699254334682,2.27759175610008,2.52090815673232,2.82122116526742,3.06760529378155,3.28312495251142,3.43870822797059
"90","Irongate_large","NCA",1986,1987,11,121570,4,2.67894434053586,2.67894434053586,0.411227185620309,1.98252490789649,2.08002552573575,2.18552589148445,2.40561475286047,2.67894434053586,2.94797117765859,3.25744972163859,3.45153744271645,3.63491988299498
"91","Irongate_large","NCA",1987,1988,10,96000,5,2.52653416925885,2.52653416925885,0.378767862662397,1.91496780317045,1.9704358147117,2.0832392016636,2.29216662724967,2.52653416925885,2.79761161270788,3.04253485592888,3.25974177118671,3.372756331344
"92","Irongate_large","NCA",1988,1989,11,98283,4,2.9935711480544,2.9935711480544,0.467716494158636,2.18873550893059,2.3439057606498,2.47965398299936,2.68363748197664,2.9935711480544,3.3258101452545,3.65601400736027,3.80698879538313,3.96259354794745
"93","Irongate_large","NCA",1990,1991,11,95880,4,2.59616106812365,2.59616106812365,0.372393273583969,1.88696581964971,1.97975623989011,2.14185149899118,2.3381508518348,2.59616106812365,2.8563263632884,3.08239569963218,3.20896944851324,3.3698967729962
"94","Irongate_large","NCA",1991,1992,11,88976,4,2.65826085930219,2.65826085930219,0.415062735408043,1.89540475320719,2.05392016886128,2.19998965677456,2.41192565184532,2.65826085930219,2.93960472201288,3.27563077971056,3.47175567938039,3.59369499354501
"95","Irongate_large","NCA",1992,1993,11,74024,4,2.66360052657825,2.66360052657825,0.42947104080378,1.90441191092776,1.99841128577732,2.11733400351184,2.39201418388136,2.66360052657825,2.96712404472922,3.24033853893136,3.45056026789736,3.57775459107296
"96","Irongate_large","NCA",1994,1995,11,86564,4,2.68691196019348,2.68691196019348,0.414349725308864,1.94048815435838,2.07108925218519,2.19814644226611,2.41961877842662,2.68691196019348,2.94033411605855,3.21329077682493,3.47904266193593,3.62772574089232
"97","Irongate_large","NCA",1995,1996,11,93172,4,2.50135079975333,2.50135079975333,0.387003445049439,1.80606438295306,1.90977453667909,2.04096839242253,2.24160418711342,2.50135079975333,2.77116463401873,3.03217302047458,3.15147535051411,3.32315445978156
"98","Irongate_large","NCA",1996,1997,11,190792,4,2.7173009582339,2.7173009582339,0.444559044760436,1.9528113868417,2.08953549506081,2.20835790279456,2.44885175738436,2.7173009582339,3.05834533953865,3.37283205596304,3.56821552808232,3.67981506789824
"99","Irongate_large","NCA",1999,2000,11,91220,4,2.56821266750036,2.56821266750036,0.382591079606211,1.96921484890049,2.0300775493602,2.13220456087652,2.32100606188968,2.56821266750036,2.85477703303218,3.09948862515668,3.26977832477719,3.40021281327519
"100","Irongate_large","NCA",2000,2001,11,100702,4,2.44753054179584,2.44753054179584,0.382505036562939,1.76078908704079,1.82373563746796,1.94797275136237,2.18487227067839,2.44753054179584,2.72482572176652,2.94797745093118,3.07470914881771,3.21474354367744
"101","Irongate_large","NCA",2001,2002,11,92482,4,2.46422219436251,2.46422219436251,0.349339512313315,1.85691334279668,1.92122636662833,2.01999834306476,2.22219591253897,2.46422219436251,2.67344358397445,2.93391001133385,3.08243530421322,3.20609034177901
"102","Irongate_large","NCA",2002,2003,11,109711,4,2.59559705115902,2.59559705115902,0.408851910658992,1.88822252498477,2.0028436575844,2.11084210286797,2.31369251469162,2.59559705115902,2.89929536741654,3.17312420134722,3.30578454888474,3.43513975319737
"103","Irongate_large","NCA",2003,2004,11,48592,4,2.52989473341187,2.52989473341187,0.36680410666919,1.88496317342456,1.95575760813542,2.07583031637074,2.28993944790071,2.52989473341187,2.76354876590556,3.01705556523974,3.19194603160531,3.31417261396464
"104","Irongate_large","NCA",2004,2005,11,98752,4,2.70598482397276,2.70598482397276,0.416984140906065,1.98648045787777,2.09568377657186,2.18423315861646,2.40137479539347,2.70598482397276,3.03165366498135,3.28173728418525,3.38507193443949,3.48997817697932
"105","Irongate_large","NCA",2006,2007,11,103295,4,2.7168842264855,2.7168842264855,0.451196418970768,1.95934660451954,2.05366878005361,2.17584059909189,2.44951016096802,2.7168842264855,3.00751908062256,3.33752993625723,3.52353725347006,3.75500893385743
"106","Mad","NCA",1980,1981,5,45971,10,2.47366296081462,2.47366296081462,0.359852304623894,1.78940133212965,1.85467161870005,1.98736049943971,2.2032820400606,2.47366296081462,2.71399295982241,2.91851619498683,3.05422139654333,3.21578439644077
"107","Mad","NCA",1982,1983,6,41344,9,2.80172220913091,2.80172220913091,0.425485536361318,2.10225249038197,2.18141886221402,2.3013910509294,2.49878130644274,2.80172220913091,3.09354340186286,3.36154679995553,3.5570224641756,3.72401431553903
"108","Mad_large","NCA",1997,1998,12,15867,3,2.3888350030092,2.3888350030092,0.384165061771662,1.7084050379905,1.80608077989292,1.94782383800558,2.14209042545148,2.3888350030092,2.67387017703801,2.94201820989784,3.10572082930376,3.19783309721896
"109","Mad_large","NCA",2000,2001,11,10982,4,2.32194010614317,2.32194010614317,0.334102646389703,1.74473373579191,1.81264279792232,1.90695447443966,2.10008415664159,2.32194010614317,2.52920161786855,2.73690385228907,2.90156907591591,2.99036919075978
"110","Mad_large","NCA",2001,2002,11,31101,4,2.53471164130667,2.53471164130667,0.400116624080947,1.88458499331499,1.9532467417398,2.02686680335659,2.28488056320045,2.53471164130667,2.79299907801718,3.10832991478471,3.27807552337718,3.36574144229309
"111","Merced","SFB",1987,1988,4,140463,11,2.51792332618298,2.51792332618298,0.367576027093224,1.87469123634243,1.9490368518941,2.06982121499041,2.26967374677938,2.51792332618298,2.76276238854618,2.98924979108827,3.14860053045801,3.31131404957178
"112","Merced","SFB",1988,1989,4.5,451104,10.5,3.01596269322758,3.01596269322758,0.447909945590893,2.23111525065201,2.3299813907198,2.49685537315241,2.73700858918451,3.01596269322758,3.340488156514,3.67619051763743,3.84220481892208,3.93897587499583
"113","Merced","SFB",1989,1990,4,93653,11,2.70439359627524,2.70439359627524,0.398182834893165,2.02972648655651,2.12879414530319,2.25229701557086,2.45818921931363,2.70439359627524,2.98801440470573,3.25302589557649,3.43409833578824,3.58353808364292
"114","Merced","SFB",1993,1994,4,312297,11,2.38837572528226,2.38837572528226,0.333727805870886,1.76724713322752,1.83221357363166,1.94742561569563,2.13659846200083,2.38837572528226,2.61194664085198,2.82202157404317,2.92312016781082,3.0268314819292
"115","Merced","SFB",1995,1996,4.5,409629,10.5,2.68087885581181,2.68087885581181,0.412211381807192,1.93842185139862,2.03418928536473,2.18553521650517,2.40278334808595,2.68087885581181,2.95219183028748,3.26291551232147,3.44024209622843,3.55110866415365
"116","Merced","SFB",1996,1997,4.5,836978,10.5,2.64094513386526,2.64094513386526,0.391610523128606,2.01216171914228,2.08416478848237,2.17651269126509,2.41744560463055,2.64094513386526,2.92655607952704,3.24468419869211,3.35519521969596,3.44403485813775
"117","Merced","SFB",1997,1998,4,347117,11,2.37488920958832,2.37488920958832,0.324549385966855,1.78613539485078,1.87796511951735,1.97456625872249,2.16068358703728,2.37488920958832,2.58680380275595,2.82593672422918,2.94645536471291,3.04617577643668
"118","Merced","SFB",1998,1999,5,680430,10,2.50024346984102,2.50024346984102,0.35102349105948,1.89852094135791,1.95041320795055,2.06365744604294,2.26098179054954,2.50024346984102,2.75841471684944,2.9987745896067,3.1274829120838,3.2176688989131
"119","Merced","SFB",1999,2000,4.5,479146,10.5,2.34040423656241,2.34040423656241,0.35721220918849,1.70629464884399,1.78400628020405,1.91045806397658,2.09746125361364,2.34040423656241,2.59306773597968,2.87415299360422,2.99194804954116,3.06418293701807
"120","Merced","SFB",2000,2001,4.5,881924,10.5,2.53210270018199,2.53210270018199,0.344416728552278,1.90599192843897,1.97404346897485,2.07063809122779,2.27860136851326,2.53210270018199,2.74971384466725,2.97087372176026,3.10653833040873,3.20661772864867
"121","Merced","SFB",2001,2002,4.5,839607,10.5,2.51855148148193,2.51855148148193,0.386493528192355,1.83592629940663,1.94588986930666,2.03337480749639,2.26137499248449,2.51855148148193,2.81150737443564,3.04786868042721,3.20155464142789,3.31766854045668
"122","Merced","SFB",2002,2003,4.5,923542,10.5,2.63249779536272,2.63249779536272,0.372027101985491,1.98861889328429,2.07842289171975,2.16498880729478,2.38207787933755,2.63249779536272,2.91844779067583,3.13526268408636,3.27169105041413,3.41423016083195
"123","Merced","SFB",2003,2004,4.5,556380,10.5,2.87642826808206,2.87642826808206,0.431264238532349,2.117509596364,2.25117710765875,2.37941429312125,2.61210350080803,2.87642826808206,3.19583450640323,3.47196517516376,3.63177963501229,3.76410219687083
"124","Merced","SFB",2004,2005,4.5,948873,10.5,3.2164927211435,3.2164927211435,0.467283388319299,2.47546398425395,2.58570972006449,2.72894260471736,2.90295250520267,3.2164927211435,3.55463272107498,3.89636661213417,4.07101916609508,4.23195070923248
"125","Mokelumne","SFB",1990,1991,4.5,214439,10.5,2.28601700178332,2.28601700178332,0.341372889877384,1.71447430087987,1.77029735592723,1.86612153817202,2.04299932105203,2.28601700178332,2.52017845204269,2.74050297742773,2.86938240096417,3.00542679577343
"126","Mokelumne","SFB",1991,1992,5,65973,10,2.45142259761193,2.45142259761193,0.378339887476718,1.80310140640297,1.8845220924032,1.99925305961036,2.19191158185661,2.45142259761193,2.70904771907899,2.94115032850488,3.06384893737816,3.23574557227795
"127","Mokelumne","SFB",1992,1993,5.5,17514,9.5,2.07136299097021,2.07136299097021,0.301182654652803,1.55595017014624,1.59690798655368,1.71507277437553,1.87110714356237,2.07136299097021,2.29636682436011,2.47736134313039,2.60884936811369,2.66337860008133
"128","Mokelumne","SFB",1993,1994,5,214368,10,2.24694787919051,2.24694787919051,0.339029644427275,1.65361600421006,1.7129046698888,1.8258960492924,2.01741140756,2.24694787919051,2.49857205942809,2.68049813213138,2.82452618399661,2.96820109229208
"129","Mokelumne","SFB",1994,1995,4.5,253663,10.5,2.28773256605452,2.28773256605452,0.363416571958579,1.60688026221444,1.75513901044231,1.89065450795728,2.08081589215994,2.28773256605452,2.50999082124877,2.74937258112266,2.88127575654143,3.13116137850953
"130","Mokelumne","SFB",1995,1996,5,111132,10,2.58761692265005,2.58761692265005,0.377982926553269,1.91866873963979,2.02671608954679,2.13980311601201,2.32171577680796,2.58761692265005,2.83470592668948,3.04177368385371,3.22032283535084,3.38287014165979
"131","Mokelumne","SFB",1996,1997,5,393928,10,2.56114713183014,2.56114713183014,0.398059153017464,1.8565578562994,1.92449132505397,2.09301639326478,2.33383359680222,2.56114713183014,2.84462424091253,3.08401194171358,3.27157841439069,3.43781456082988
"132","Mokelumne","SFB",1997,1998,4.5,456358,10.5,2.43981094096641,2.43981094096641,0.366215160737229,1.7933308404271,1.88300447738809,1.98825958173753,2.18215840864723,2.43981094096641,2.70089865652355,2.92062784584066,3.06452653980107,3.15656331706368
"133","Mokelumne","SFB",1998,1999,3.5,552172,11.5,2.37879378324546,2.37879378324546,0.391918863714217,1.70637181843601,1.79543697272529,1.90617627452678,2.14362181962438,2.37879378324546,2.64373260576998,2.94351419719709,3.10496840245919,3.2051714941437
"134","Mokelumne","SFB",1999,2000,3.5,464041,11.5,2.35390395598585,2.35390395598585,0.371125965738875,1.65790693262104,1.74838292723987,1.87847019251631,2.11279330354802,2.35390395598585,2.5967086978477,2.83464101991568,2.97607247619618,3.13487647771134
"135","Mokelumne","SFB",2000,2001,3,617834,12,2.26222387219789,2.26222387219789,0.320032124991214,1.72426217049189,1.82576191493426,1.90653748919068,2.03894271145877,2.26222387219789,2.49909897424065,2.70363108617986,2.84929007883391,2.96212649968946
"136","Mokelumne","SFB",2001,2002,3.5,416577,11.5,2.39235457726679,2.39235457726679,0.349730029650834,1.78454722917584,1.8644569892297,1.98112479079951,2.1691631705339,2.39235457726679,2.65922782050106,2.85809540816143,2.99406511800976,3.08012576889195
"137","Mokelumne","SFB",2002,2003,2.5,207871,12.5,2.17565752323248,2.17565752323248,0.335425818777624,1.55965901320829,1.66363234440854,1.80589225122275,1.97041507736218,2.17565752323248,2.39372172750499,2.6247123119738,2.75725581362507,2.88447654375576
"138","Mokelumne","SFB",2006,2007,4.5,1273803,10.5,3.29965577555798,3.29965577555798,0.500135370390741,2.42060820508532,2.5364264242002,2.67083917322927,2.94720874170534,3.29965577555798,3.63877948322355,4.00495844407367,4.14034638049868,4.26938468299958
"139","Nimbus","SFB",1982,1983,8,141285,7,2.81099406542545,2.81099406542545,0.448328806016871,1.9753381553241,2.14925580143819,2.31334186663403,2.52980507933815,2.81099406542545,3.15387654156272,3.44419083162266,3.64728551715638,3.76168845045784
"140","Nimbus","SFB",1983,1984,7,148304,8,2.29975970587287,2.29975970587287,0.331809215900421,1.68588242327237,1.79673757713856,1.92349688093886,2.09780475264982,2.29975970587287,2.52369616698865,2.73958012630498,2.92094804367808,3.04409301624039
"141","Nimbus","SFB",1984,1985,7,49379,8,1.97108472632426,1.97108472632426,0.283315001041597,1.46389762677875,1.53492135506361,1.62917171608619,1.79169527389591,1.97108472632426,2.17627156892197,2.36171141621055,2.46510289484432,2.52199819238719
"142","Nimbus","SFB",1985,1986,7,101992,8,1.96323401343358,1.96323401343358,0.30297612270882,1.42987146673569,1.48666689315738,1.57124231082878,1.76611455376462,1.96323401343358,2.17013950590643,2.36703798548138,2.45645696697861,2.6077649000066
"143","Nimbus","SFB",1986,1987,7,98407,8,2.20438383669907,2.20438383669907,0.340446882839997,1.66919194501786,1.74120932625801,1.80733080568066,1.98919404910812,2.20438383669907,2.44054300946338,2.68437451344199,2.81298219867588,3.00858123632523
"144","Nimbus","SFB",1987,1988,6,90173,9,2.28925944264693,2.28925944264693,0.344245476377689,1.63962189268492,1.74721221643039,1.86814374103299,2.04668408706182,2.28925944264693,2.49712384234352,2.73978751631667,2.8973254712217,3.02844870825123
"145","Nimbus","SFB",1988,1989,6,188580,9,2.18640347997967,2.18640347997967,0.320204140653332,1.61262370831326,1.71880284236203,1.79014265574683,1.97214228671379,2.18640347997967,2.41012353596865,2.60057870002876,2.75549463028612,2.84081726948618
"146","Nimbus","SFB",1989,1990,6,185466,9,2.53067193007836,2.53067193007836,0.399089778563062,1.79844369958902,1.943212819625,2.06380116677782,2.28347229044567,2.53067193007836,2.78487564583571,3.0300080107257,3.22501994295297,3.38312036542298
"147","Nimbus","SFB",2000,2001,5,666646,10,2.30613890311765,2.30613890311765,0.315331490401538,1.71937659028049,1.77692927437989,1.90231831850318,2.09150592701704,2.30613890311765,2.52216517404208,2.7157465818985,2.88251274962217,2.93636477740588
"148","Nimbus","SFB",2001,2002,6,713619,9,2.5500839108046,2.5500839108046,0.413939348013032,1.81883667039151,1.917463777429,2.03954176560902,2.30212957587481,2.5500839108046,2.80319302655732,3.10291293333312,3.3068956920759,3.4040071605981
"149","Nimbus","SFB",2003,2004,5,93591,10,2.69455896508593,2.69455896508593,0.43807324964626,1.88005582129601,2.00808604858255,2.15362824903528,2.38933335528611,2.69455896508593,2.97282910220838,3.22629697664798,3.4653048305892,3.67348583500737
"150","Nimbus","SFB",2006,2007,5.5,1248450,9.5,3.15047915747258,3.15047915747258,0.46982684271556,2.32356070422525,2.45186380021986,2.60501783479533,2.8627203787092,3.15047915747258,3.42418317196866,3.75414725616588,4.07383674356771,4.32545359026743
"151","San_Joaquin","SFB",1981,1982,4,97444,11,2.25320429912975,2.25320429912975,0.332261586649902,1.67323076429294,1.74905097189639,1.86581459342108,2.0397804094258,2.25320429912975,2.4856294485315,2.70763326083587,2.83877762653064,2.95481438088148
"152","San_Joaquin","SFB",1985,1986,4.5,612770,10.5,2.21143785204708,2.21143785204708,0.296371288774224,1.67714287641035,1.77164867533752,1.8585462371852,2.01279366198558,2.21143785204708,2.40781172456134,2.64734073575313,2.73673340601594,2.80347502151767
"153","San_Joaquin","SFB",1986,1987,4,366675,11,2.5050410600908,2.5050410600908,0.366627051632385,1.84438983774413,1.94317374638549,2.0591540829608,2.26641506318979,2.5050410600908,2.75045922788661,2.97004606998301,3.16455138319723,3.30768445234396
"154","San_Joaquin","SFB",1994,1995,5,331042,10,2.20636527856231,2.20636527856231,0.333882468798781,1.64694646006934,1.72176139765959,1.7962607184945,2.00626698164317,2.20636527856231,2.45104422376939,2.65082969446327,2.78147612334189,2.86344507724394
"155","San_Joaquin","SFB",1997,1998,4.5,353354,10.5,2.34299784535707,2.34299784535707,0.356342312524477,1.67235593203039,1.76398052972312,1.90077814118457,2.10674429407704,2.34299784535707,2.56060066013535,2.78236177770135,2.89699120666473,3.10877879992671
"156","San_Joaquin","SFB",1999,2000,4.5,482424,10.5,2.48807409020173,2.48807409020173,0.362209847715312,1.92935674897001,1.99738735557384,2.09797505243821,2.25945479774124,2.48807409020173,2.79170514974703,3.01304659982917,3.16395367370535,3.27396053835676
"157","Smith","NCA",1999,2000,6,49536,9,2.4114455535061,2.4114455535061,0.369441232968452,1.78726568047121,1.91314085452424,2.01907381899896,2.17998177979105,2.4114455535061,2.66393720413701,2.94133978053724,3.07130329663171,3.25083844675119
"158","Smith_large","NCA",1978,1979,11,38302,4,2.56683107510858,2.56683107510858,0.411898481350008,1.84769488092883,1.9639742952034,2.07291748102855,2.28897120997268,2.56683107510858,2.84567845348851,3.1183303260116,3.29908280461855,3.41035890623585
"159","Smith_large","NCA",1980,1981,10,7328,5,2.13740140588698,2.13740140588698,0.327863747949688,1.56147516226169,1.63311669459341,1.76728795391947,1.94506038641962,2.13740140588698,2.36139058324997,2.5984955820237,2.75449271997725,2.80271322332899
"160","Smith_large","NCA",1981,1982,11,20000,4,2.51196525603567,2.51196525603567,0.394284830602713,1.84050024728126,1.9251226357919,2.0423942334857,2.25691771853746,2.51196525603567,2.79059762858099,3.06087876629559,3.2628775812759,3.35766712951298
"161","Smith_large","NCA",1982,1983,11,20000,4,2.47467717689005,2.47467717689005,0.385475906876394,1.7782951478014,1.89637709150939,2.03848876841999,2.2553321045697,2.47467717689005,2.75291376101271,3.02494692202456,3.14389157487999,3.31389438821743
"162","Tehama","SFB",1976,1977,5,79866,10,2.34227720739341,2.34227720739341,0.385960069002909,1.69681967463771,1.7794089410775,1.8848038984848,2.09628730741546,2.34227720739341,2.58809569322491,2.88672779281581,3.02846247883507,3.21098349984118
"163","Tehama","SFB",1977,1978,5,104709,10,2.15293744610016,2.15293744610016,0.328123480025262,1.61167030552649,1.67126413147252,1.76750736421955,1.93552720192091,2.15293744610016,2.43003612394776,2.63885531129834,2.7191300252584,2.81238467237854
"164","Tehama","SFB",1978,1979,4,113457,11,2.33599093820864,2.33599093820864,0.352537212935966,1.72041552957522,1.7980123545363,1.91373373637595,2.11605919333396,2.33599093820864,2.58157111188662,2.81367465163516,2.93004086628668,3.08990952840274
"165","Tehama","SFB",1979,1980,5,36417,10,1.91443714199652,1.91443714199652,0.276381192319569,1.43332691459585,1.47857553159721,1.56967833724876,1.71501914954917,1.91443714199652,2.08944691553739,2.28359810876398,2.41508652044153,2.49246398869002
"166","Tehama","SFB",1980,1981,4,107953,11,2.01172519250939,2.01172519250939,0.308622925468806,1.50941319588836,1.56013116006277,1.64844889490774,1.83020899755236,2.01172519250939,2.23008512159315,2.45688253873327,2.58341993562642,2.74668786426007
"167","Tehama","SFB",1984,1985,4.5,50658,10.5,2.32524860956366,2.32524860956366,0.387849721393504,1.59856642265951,1.74536042372496,1.86917711791384,2.05773523502822,2.32524860956366,2.59449504832618,2.83411962122662,3.01795338699383,3.12373951975859
"168","Trinity","NCA",1977,1978,6,346053,9,2.69262818403902,2.69262818403902,0.400055480907538,2.00711267536764,2.09719004826828,2.22930593453817,2.4101720629991,2.69262818403902,2.96885486623596,3.23726716154524,3.38945459859258,3.57904365486438
"169","Trinity","NCA",1978,1979,6,378572,9,2.96836992416084,2.96836992416084,0.488652514393798,2.17888695926534,2.28064215892598,2.44282163035518,2.65394328455608,2.96836992416084,3.3816009786263,3.69064257823001,3.86856319449778,4.00383184610647
"170","Trinity","NCA",1979,1980,6,382624,9,2.64009241245831,2.64009241245831,0.392661024255252,1.89333620119229,2.01474954502535,2.15104562538454,2.387508910095,2.64009241245831,2.90034145214123,3.14007704013345,3.32180458821865,3.46623784415633
"171","Trinity","NCA",1980,1981,6,201090,9,3.01021436443281,3.01021436443281,0.442180802048829,2.21342922160105,2.32081472331573,2.48561720413876,2.76507055506103,3.01021436443281,3.29045952831654,3.57797470597491,3.77029543925314,3.98614510486086
"172","Trinity","NCA",1981,1982,6,192795,9,3.12552806455944,3.12552806455944,0.475904708789213,2.26534982101575,2.39818259430255,2.55693578617322,2.83895259706108,3.12552806455944,3.46558074939804,3.78879915716838,3.93138227749178,4.08452215711587
"173","Trinity","NCA",1982,1983,6,408591,9,3.15978906208059,3.15978906208059,0.483051692796153,2.34070315263941,2.45494884235747,2.61019721739107,2.8728534284044,3.15978906208059,3.50219436576248,3.84956124488847,4.06443863201248,4.19329198343319
"174","Trinity","NCA",1983,1984,6,479785,9,2.79457620684571,2.79457620684571,0.461968523004432,1.9880075593455,2.11237276530041,2.22641474236987,2.48635672886243,2.79457620684571,3.09634446904609,3.40650818637355,3.6149518554199,3.81776728758182
"175","Trinity","NCA",1984,1985,6,481703,9,2.91402947824722,2.91402947824722,0.455663210859414,2.10406711643861,2.22850463623399,2.37730519142616,2.64989868284218,2.91402947824722,3.20347495527462,3.52419229548473,3.73689659247257,3.96100171362552
"176","Trinity","NCA",1985,1986,6,196249,9,2.72094860134272,2.72094860134272,0.428306914999506,1.98041085992428,2.08918412143577,2.22663498916171,2.43169036743596,2.72094860134272,3.05529598818021,3.28617261480302,3.47118645038506,3.65159372484128
"177","Trinity","NCA",1986,1987,6,202486,9,3.35517130669962,3.35517130669962,0.542053286621833,2.47612469500555,2.57831187042934,2.72487047527173,3.0056869494265,3.35517130669962,3.74376661836488,4.16696845076602,4.36959256347753,4.54559304310318
"178","Trinity","NCA",1988,1989,3,15703,12,2.45996541369514,2.45996541369514,0.3998920479888,1.80220902301532,1.892396006269,1.98743171518749,2.19192904208564,2.45996541369514,2.76051413199768,3.01927316861547,3.18942616617227,3.30606979845795
"179","Trinity","NCA",1991,1992,4.5,264073,10.5,3.02428583436174,3.02428583436174,0.480837111000915,2.17787075106326,2.28337626820239,2.42105047937719,2.71453594840337,3.02428583436174,3.3343947406956,3.68396455932501,3.87817880597279,3.98454075576867
"180","Trinity","NCA",1992,1993,5,236597,10,2.67393101042488,2.67393101042488,0.406868614179732,1.98916851810327,2.09707578212895,2.20959662731719,2.43105502227736,2.67393101042488,2.96141963788651,3.2530549464978,3.40960740142942,3.59746748756098
"181","Trinity","NCA",1993,1994,4,293518,11,2.84726401869121,2.84726401869121,0.419568454774754,2.0507814282301,2.16014726079163,2.33430809399129,2.56319096578793,2.84726401869121,3.11486261744484,3.35847226613217,3.53952995878005,3.7204937230471
"182","Trinity","NCA",1994,1995,6,216563,9,2.99536312377879,2.99536312377879,0.457923110480994,2.13721016440121,2.31334005047951,2.44491168720223,2.67673387471884,2.99536312377879,3.28338661457529,3.60060549920145,3.83880793776544,3.92941642146451
"183","Trinity","NCA",1995,1996,6,216051,9,3.13026236414343,3.13026236414343,0.472586475023232,2.33523549639554,2.40752944249573,2.54453670954184,2.82229526891967,3.13026236414343,3.47648190818099,3.76626157222003,3.96451323900033,4.13829134522709
"184","Trinity","NCA",1996,1997,3,256244,12,3.1167853007213,3.1167853007213,0.45980750882945,2.25774074370024,2.39829976696686,2.55567540359314,2.81415217434928,3.1167853007213,3.42079327298707,3.70236292318136,3.86656521266459,4.05374949590637
"185","Trinity","NCA",1997,1998,6,216770,9,2.74115198395704,2.74115198395704,0.401627897635614,2.01720638976682,2.09147314880588,2.23926381856596,2.47532059560248,2.74115198395704,3.00838272894794,3.276179177777,3.45352092571762,3.57377560001663
"186","Trinity","NCA",1998,1999,6,184781,9,3.00124726380124,3.00124726380124,0.481983039597433,2.21755172335507,2.31156258724738,2.46309238459541,2.67652043827643,3.00124726380124,3.35066527396644,3.67456845060092,3.87772622872418,4.11928392406404
"187","Trinity","NCA",1999,2000,6,183603,9,2.74876909431756,2.74876909431756,0.432877841774904,2.05468420154991,2.12281914509506,2.26176318236488,2.46662852941123,2.74876909431756,3.05391619428491,3.37189006149083,3.54605253398845,3.69566896498075
"188","Trinity","NCA",2000,2001,6,522316,9,2.87611762914065,2.87611762914065,0.462726323570314,2.05762300867744,2.15069760938232,2.26882178186618,2.55493687817623,2.87611762914065,3.181748709808,3.48548367063828,3.71839028176499,3.82467527969604
"189","Trinity","NCA",2001,2002,6,501400,9,3.18506404927867,3.18506404927867,0.490953380656767,2.34118556147372,2.43422893912463,2.63870002319867,2.90232125630906,3.18506404927867,3.54179619208705,3.89319795046701,4.06573231577397,4.2885750123701
"190","Trinity","NCA",2002,2003,6,508963,9,2.81327941091626,2.81327941091626,0.40042126613534,2.0871837331834,2.19522208759535,2.30571043324309,2.54997774456159,2.81327941091626,3.11128775691981,3.35576248272895,3.50884278908861,3.57334919552814
"191","Trinity","NCA",2003,2004,6,535774,9,3.08162513894969,3.08162513894969,0.471939810540746,2.26840136661734,2.36688232708284,2.49645684191212,2.76236320900644,3.08162513894969,3.38386454375444,3.70955456440956,3.9220287219979,4.06773320831509
"192","Trinity","NCA",2004,2005,6,500396,9,2.69510300888468,2.69510300888468,0.394744655543981,1.98838033817721,2.11617549512106,2.2175034687775,2.41937886112909,2.69510300888468,2.94996765796507,3.22036255456595,3.37071802041603,3.54386104572395
"193","Trinity","NCA",2006,2007,6,486833,9,3.07971907261167,3.07971907261167,0.474314669902336,2.2341353229852,2.36547848418715,2.51882611295023,2.75827087562403,3.07971907261167,3.43022469100988,3.70040303076633,3.90821563891147,4.0654450245057
"194","Trinity_large","NCA",1977,1978,10,188015,5,2.50053649005663,2.50053649005663,0.404331660063163,1.82121515302337,1.91795003397657,2.03471912059681,2.26919441326012,2.50053649005663,2.77296684483048,3.05188600904735,3.253645468694,3.38242365051163
"195","Trinity_large","NCA",1977,1979,3,193910,2,2.48836798117479,2.48836798117479,0.398337850491615,1.81376775969901,1.8988873535094,2.03493181418612,2.24594042826473,2.48836798117479,2.76715499403598,3.04961182832872,3.2603375522706,3.39574262206301
"196","Trinity_large","NCA",1978,1979,11,207279,4,2.90620882775149,2.90620882775149,0.412640723449569,2.22537166775633,2.32077304396322,2.42722038434417,2.59654779078961,2.90620882775149,3.18028584457809,3.44960057598465,3.67921549614414,3.8271959435159
"197","Trinity_large","NCA",1978,1980,3,156020,2,2.68853383167858,2.68853383167858,0.407069541390781,1.98096280692734,2.05335232539914,2.18114068232296,2.38806409577793,2.68853383167858,2.98033829240657,3.20843596177163,3.35592632683749,3.48962364714493
"198","Trinity_large","NCA",1979,1980,10,90995,5,2.13064653662625,2.13064653662625,0.348640590149254,1.53756836461086,1.5989409491116,1.68027461813391,1.90509104832627,2.13064653662625,2.35116901029326,2.61706996947256,2.7690133787386,2.89228432001875
"199","Trinity_large","NCA",1979,1981,3,82982,2,2.3493289580495,2.3493289580495,0.36697429067649,1.69156971900542,1.75782906841289,1.90119710647618,2.11923330018195,2.3493289580495,2.61809938317869,2.85906656992883,3.02762479492142,3.0897639506683
"200","Trinity_large","NCA",1980,1981,9,104160,6,2.56741372463622,2.56741372463622,0.383510321343245,1.85350564049639,1.95872227713335,2.10132258653711,2.31018112463511,2.56741372463622,2.82158244876925,3.11199719175983,3.22737617107972,3.371629753619
"201","Trinity_large","NCA",1981,1982,10,94991,5,2.71813463408431,2.71813463408431,0.430294475462418,1.93118557118927,2.05287116809938,2.13468307775307,2.42174110437371,2.71813463408431,3.00936501532669,3.25290109952298,3.44131238890926,3.58151421744719
"202","Trinity_large","NCA",1982,1983,11,20765,4,2.2947448092918,2.2947448092918,0.329511775764505,1.68204994011143,1.77997582732348,1.87668261100477,2.07832455853549,2.2947448092918,2.50998337368485,2.72013294413611,2.87502201586087,2.99622602721055
"203","Trinity_large","NCA",1983,1984,9.5,177992,5.5,2.62879507365586,2.62879507365586,0.391393736695254,1.92200460019191,2.0477722317301,2.1804070478773,2.38628004207551,2.62879507365586,2.87880768819761,3.11319841784945,3.25587754309322,3.44742362554564
"204","Trinity_large","NCA",1983,1985,3,92965,2,2.48732309206672,2.48732309206672,0.384603220184091,1.80418992972661,1.90344621163562,2.03020206136101,2.25653680143569,2.48732309206672,2.7234717333581,3.00587597054255,3.17335034394679,3.33491000930134
"205","Trinity_large","NCA",1984,1985,9.5,177520,5.5,2.47297766164768,2.47297766164768,0.389601728006484,1.76330160677132,1.86589474145046,1.99626247209546,2.23818034465239,2.47297766164768,2.7181121035271,2.97266941144746,3.157000257515,3.29189891297107
"206","Trinity_large","NCA",1984,1986,2,102512,2,2.51727333114933,2.51727333114933,0.354371837612126,1.83713826401228,1.93037218351905,2.0342883384479,2.26433498624426,2.51727333114933,2.76035655213974,2.96353234039944,3.09986876856287,3.17767656262401
"207","Trinity_large","NCA",1985,1986,10,97368,5,2.47589383580734,2.47589383580734,0.373893189335334,1.85716395400577,1.92375875755271,2.02531520305045,2.24943081516133,2.47589383580734,2.7098515688826,3.01743942155638,3.188680737499,3.28512095959713
"208","Trinity_large","NCA",1986,1987,9,127050,6,2.49294532070304,2.49294532070304,0.385241790432642,1.87799710911954,1.95508505144909,2.04262714011836,2.26389366423193,2.49294532070304,2.78483356361367,3.02656055350808,3.19162543816733,3.32348378147783
"209","Trinity_large","NCA",1988,1989,10.5,143934,4.5,2.94088503577848,2.94088503577848,0.438596389060578,2.12958725470668,2.26998143029923,2.38940950258859,2.63757377202652,2.94088503577848,3.21334477051412,3.48627251855689,3.69712892871902,3.91705067894922
"210","Trinity_large","NCA",1989,1990,10,143975,5,2.8842471597289,2.8842471597289,0.448412411817758,2.06864161094455,2.24561891416011,2.38586397870098,2.62659574186547,2.8842471597289,3.20014116230375,3.53901781014665,3.719618038414,3.88614479312102
"211","Trinity_large","NCA",1990,1991,10,103040,5,2.86115170404832,2.86115170404832,0.450583127043061,2.03936083632987,2.1940246963878,2.35919046285165,2.5708758380875,2.86115170404832,3.16104783795873,3.50031201826058,3.6645123654937,3.82532711712363
"212","Trinity_large","NCA",1991,1992,10,115300,5,2.7677209178462,2.7677209178462,0.410310298896364,2.02679001327593,2.13094132385074,2.24738138094543,2.48094691451292,2.7677209178462,3.03244789586306,3.28548928686577,3.46297720440887,3.64765676038978
"213","Trinity_large","NCA",1992,1993,10,108894,5,2.4392165156746,2.4392165156746,0.354912152313292,1.80860222055713,1.8741518688393,2.00786677944505,2.21010319562248,2.4392165156746,2.6926145372227,2.95302601667851,3.086732405433,3.18954862875652
"214","Trinity_large","NCA",1993,1994,10,110388,5,2.83965874832655,2.83965874832655,0.439420954307032,2.04485155194428,2.15878960087165,2.30461023419609,2.56107167277389,2.83965874832655,3.15061872595241,3.49030234167134,3.63999410697747,3.7232137066549
"215","Trinity_large","NCA",1994,1995,10,113124,5,2.71791569386912,2.71791569386912,0.416319753021504,1.98053024347356,2.10013065065151,2.23365634416952,2.44732474967711,2.71791569386912,2.98853373920962,3.28447407210051,3.48151342551333,3.62402803375045
"216","Trinity_large","NCA",1995,1996,10,110327,5,2.47318161388083,2.47318161388083,0.396471297377456,1.83893575931671,1.92595623442128,2.03026620204457,2.21756021326237,2.47318161388083,2.7805263750331,3.06012335703633,3.23575491861349,3.33763904227754
"217","Trinity_large","NCA",1996,1997,10,109869,5,2.73785507321285,2.73785507321285,0.461611962614847,1.92350214067757,2.05072564436337,2.20361756343063,2.43417851208563,2.73785507321285,3.05036137689661,3.35033078072203,3.57751635781862,3.78157846986457
"218","Trinity_large","NCA",1997,1998,10,313080,5,2.61165816952368,2.61165816952368,0.401845173340523,1.91825426164057,2.01074978509842,2.10776754526545,2.34274131607279,2.61165816952368,2.86431132205676,3.15285368119744,3.31155256303495,3.53103701649589
"219","Trinity_large","NCA",1998,1999,10,351399,5,2.71637606764015,2.71637606764015,0.4347534870284,1.95583485951095,2.08273979228677,2.22733953407451,2.42681737220336,2.71637606764015,3.03649363834117,3.29863923775092,3.52067700827189,3.75134098039682
"220","Trinity_large","NCA",1999,2000,10,299542,5,2.6784920643392,2.6784920643392,0.361406832596366,1.99736229245332,2.09813207945634,2.19249717765743,2.41457436664472,2.6784920643392,2.94333572554942,3.13692554298433,3.2648390866273,3.35337814871647
"221","Trinity_large","NCA",2000,2001,10,216593,5,2.4976336174406,2.4976336174406,0.3838417732406,1.86101249380692,1.95114460292846,2.05403593558988,2.23303506269357,2.4976336174406,2.76945967322424,3.02588033104462,3.19396220132001,3.33136590606267
"222","Trinity_large","NCA",2001,2002,10,230055,5,2.52714415412293,2.52714415412293,0.391581338097466,1.85395456083004,1.94083512624907,2.03294867963939,2.25296183601609,2.52714415412293,2.81191262425995,3.03904723405945,3.1931204847163,3.32683577359835
"223","Trinity_large","NCA",2002,2003,10,236319,5,2.58680479234608,2.58680479234608,0.428631819313765,1.83915669157112,1.94411738818283,2.08059829111423,2.30453128316908,2.58680479234608,2.8818541479292,3.15155898378015,3.3176571486158,3.50564322145822
"224","Trinity_large","NCA",2003,2004,10,225798,5,2.65164226956072,2.65164226956072,0.406062333245875,1.9209542745038,2.00416022575736,2.13095541311958,2.33258626970593,2.65164226956072,2.93674041041861,3.17157065324232,3.29364275220165,3.45123196380492
"225","Trinity_large","NCA",2004,2005,10,223076,5,2.48538158760698,2.48538158760698,0.393980722713365,1.78753585914655,1.90831635415088,2.03471306164896,2.24229498272512,2.48538158760698,2.784783375934,3.02534103324994,3.18290773122175,3.37698011775125
"226","Trinity_large","NCA",2005,2006,10,227903,5,2.67376120817632,2.67376120817632,0.442933445518634,1.91641147141327,2.0024597244921,2.13202624958708,2.41917664737167,2.67376120817632,2.94269135785825,3.31201737158915,3.47077133030604,3.62836399016709
"227","Trinity_large","NCA",2006,2007,10,238156,5,2.46886517344489,2.46886517344489,0.381525982658063,1.74477347716805,1.91303458343548,2.02725744625163,2.22518279917058,2.46886517344489,2.74624471934299,2.96147928330199,3.10053103417515,3.23087883772598
"228","Yuba","SFB",1983,1984,4,30100,11,2.16555375300583,2.16555375300583,0.371668582681235,1.52274750108603,1.63557064790915,1.73832216667721,1.93198457878689,2.16555375300583,2.43722913241489,2.68162926472277,2.81907745873435,2.96903332766464
"229","Yuba","SFB",1986,1987,4,32021,11,2.27139271103941,2.27139271103941,0.392531372580789,1.59927549722211,1.69815614484744,1.82322589797441,2.00178461011339,2.27139271103941,2.55040237104526,2.84231070822747,2.9696235773375,3.14226738863801
"230","Yuba","SFB",1988,1989,5,1974,10,2.00772175110996,2.00772175110996,0.307559381221808,1.44887830912678,1.56018340252631,1.63654671172707,1.80068497981391,2.00772175110996,2.21691128043614,2.43234400932122,2.53326158458315,2.63195116549615
